Campaign,Campaign Type,Status,Budget,Budget Type,Bid Strategy Type,Networks,Languages,Ad Group,Max CPC,Keyword,Match Type,Ad Type,Headline 1,Headline 2,Headline 3,Headline 4,Headline 5,Headline 6,Headline 7,Headline 8,Headline 9,Headline 10,Headline 11,Headline 12,Headline 13,Headline 14,Headline 15,Description 1,Description 2,Description 3,Description 4,Path 1,Path 2,Final URL
RDMI | Search | India,Search,Paused,3500,Daily,Maximize clicks,Google search,English;Hindi,,,,,,,,,,,,,,,,,,,,,,,,,,,
RDMI | Search | India,Search,Paused,3500,Daily,Maximize clicks,Google search,English;Hindi,AI Software Development Company,,ai software development company,Phrase,,,,,,,,,,,,,,,,,,,,,,,
RDMI | Search | India,Search,Paused,3500,Daily,Maximize clicks,Google search,English;Hindi,AI Software Development Company,,ai software development company,Exact,,,,,,,,,,,,,,,,,,,,,,,
RDMI | Search | India,Search,Paused,3500,Daily,Maximize clicks,Google search,English;Hindi,AI Software Development Company,,ai software development,Phrase,,,,,,,,,,,,,,,,,,,,,,,
RDMI | Search | India,Search,Paused,3500,Daily,Maximize clicks,Google search,English;Hindi,AI Software Development Company,,ai software development,Exact,,,,,,,,,,,,,,,,,,,,,,,
RDMI | Search | India,Search,Paused,3500,Daily,Maximize clicks,Google search,English;Hindi,AI Software Development Company,,ai development company,Phrase,,,,,,,,,,,,,,,,,,,,,,,
RDMI | Search | India,Search,Paused,3500,Daily,Maximize clicks,Google search,English;Hindi,AI Software Development Company,,ai development company,Exact,,,,,,,,,,,,,,,,,,,,,,,
RDMI | Search | India,Search,Paused,3500,Daily,Maximize clicks,Google search,English;Hindi,AI Software Development Company,,ai app development company,Phrase,,,,,,,,,,,,,,,,,,,,,,,
RDMI | Search | India,Search,Paused,3500,Daily,Maximize clicks,Google search,English;Hindi,AI Software Development Company,,ai app development company,Exact,,,,,,,,,,,,,,,,,,,,,,,
RDMI | Search | India,Search,Paused,3500,Daily,Maximize clicks,Google search,English;Hindi,AI Software Development Company,,ai agent development company,Phrase,,,,,,,,,,,,,,,,,,,,,,,
RDMI | Search | India,Search,Paused,3500,Daily,Maximize clicks,Google search,English;Hindi,AI Software Development Company,,ai agent development company,Exact,,,,,,,,,,,,,,,,,,,,,,,
RDMI | Search | India,Search,Paused,3500,Daily,Maximize clicks,Google search,English;Hindi,AI Software Development Company,,custom ai software development,Phrase,,,,,,,,,,,,,,,,,,,,,,,
RDMI | Search | India,Search,Paused,3500,Daily,Maximize clicks,Google search,English;Hindi,AI Software Development Company,,custom ai software development,Exact,,,,,,,,,,,,,,,,,,,,,,,
RDMI | Search | India,Search,Paused,3500,Daily,Maximize clicks,Google search,English;Hindi,AI Software Development Company,,ai chatbot development company,Phrase,,,,,,,,,,,,,,,,,,,,,,,
RDMI | Search | India,Search,Paused,3500,Daily,Maximize clicks,Google search,English;Hindi,AI Software Development Company,,ai chatbot development company,Exact,,,,,,,,,,,,,,,,,,,,,,,
RDMI | Search | India,Search,Paused,3500,Daily,Maximize clicks,Google search,English;Hindi,AI Software Development Company,,rag development company,Phrase,,,,,,,,,,,,,,,,,,,,,,,
RDMI | Search | India,Search,Paused,3500,Daily,Maximize clicks,Google search,English;Hindi,AI Software Development Company,,rag development company,Exact,,,,,,,,,,,,,,,,,,,,,,,
RDMI | Search | India,Search,Paused,3500,Daily,Maximize clicks,Google search,English;Hindi,AI Software Development Company,,ai automation company,Phrase,,,,,,,,,,,,,,,,,,,,,,,
RDMI | Search | India,Search,Paused,3500,Daily,Maximize clicks,Google search,English;Hindi,AI Software Development Company,,ai automation company,Exact,,,,,,,,,,,,,,,,,,,,,,,
RDMI | Search | India,Search,Paused,3500,Daily,Maximize clicks,Google search,English;Hindi,AI Software Development Company,,ai consulting services,Phrase,,,,,,,,,,,,,,,,,,,,,,,
RDMI | Search | India,Search,Paused,3500,Daily,Maximize clicks,Google search,English;Hindi,AI Software Development Company,,ai consulting services,Exact,,,,,,,,,,,,,,,,,,,,,,,
RDMI | Search | India,Search,Paused,3500,Daily,Maximize clicks,Google search,English;Hindi,AI Software Development Company,,enterprise ai solutions,Phrase,,,,,,,,,,,,,,,,,,,,,,,
RDMI | Search | India,Search,Paused,3500,Daily,Maximize clicks,Google search,English;Hindi,AI Software Development Company,,enterprise ai solutions,Exact,,,,,,,,,,,,,,,,,,,,,,,
RDMI | Search | India,Search,Paused,3500,Daily,Maximize clicks,Google search,English;Hindi,AI Software Development Company,,,,Responsive search ad,AI Software Development,Talk to a Senior Developer,WhatsApp Reply in 2 Hours,Free 48-Hour Prototype,Money-Back If We're Late,50+ AI systems shipped,92% task-success rate,8-week prototype-to-production,LangSmith evals on every,50+ AI Systems Live,8 wks Prototype to Production,"76% Enterprises Buy AI, Don't",Talk to AI Engineer,Senior Indian Developers,"No Sales Rep, No Juniors","AI software development company for production AI agents, RAG systems, AI chatbots",Prototype in 2 weeks.,Searching for an AI software development company?,"RDMI builds production AI systems on OpenAI, Anthropic, Google, and open-source LLMs",ai-software,india,https://ai.rdmi.in/ai-software-development-company
